[
    {
        "type": "meta",
        "action": "start",
        "id": 0
    },
    {
        "type": "meta",
        "action": "create_global",
        "var": "knows_andr_secret",
        "init": 0,
        "id": 1
    },
    {
        "type": "conditional_global",
        "action": "conditional",
        "condition": "equal",
        "var": "knows_andr_secret",
        "value": 1,
        "actions": [
            {
                "type": "transition",
                "action": "jump",
                "label": "confront",
                "id": 3
            }
        ],
        "id": 2,
        "end": 4
    },
    {
        "type": "transition",
        "action": "jump",
        "label": "confront",
        "id": 3
    },
    {
        "type": "label",
        "action": "label",
        "label": "default_greeting",
        "id": 4
    },
    {
        "type": "show_sprite",
        "action": "show",
        "sprite": "andr",
        "location": "characters/andr/default/happy.png",
        "dyn_location": "characters/andr/<andr_outfit>/happy.png",
        "position": "CENTER",
        "wRatio": 16,
        "hRatio": 9,
        "wFrameRatio": 4,
        "hFrameRatio": 8,
        "column": 7,
        "row": 1,
        "id": 5
    },
    {
        "type": "dialogue",
        "action": "say",
        "label": "Andr",
        "content": "Hey. Good to see you.",
        "id": 6
    },
    {
        "type": "finish_dialogue",
        "action": "finish_dialogue",
        "id": 7
    },
    {
        "type": "label",
        "action": "label",
        "label": "confront",
        "id": 8
    },
    {
        "type": "show_sprite",
        "action": "show",
        "sprite": "andr",
        "location": "characters/andr/default/sad.png",
        "dyn_location": "characters/andr/<andr_outfit>/sad.png",
        "position": "CENTER",
        "wRatio": 16,
        "hRatio": 9,
        "wFrameRatio": 4,
        "hFrameRatio": 8,
        "column": 7,
        "row": 1,
        "id": 9
    },
    {
        "type": "dialogue",
        "action": "say",
        "label": "Andr",
        "content": "Cupa told you, didn't she? About the... bunnies.",
        "id": 10
    },
    {
        "type": "dialogue",
        "action": "say",
        "label": "Player",
        "content": "...",
        "id": 11
    },
    {
        "type": "dialogue",
        "action": "say",
        "label": "Andr",
        "content": "It's fine. It's just embarrasing...",
        "id": 12
    },
    {
        "type": "finish_dialogue",
        "action": "finish_dialogue",
        "id": 13
    }
]