[
    {
        "type": "meta",
        "action": "start",
        "id": 0
    },
    {
        "type": "meta",
        "action": "create_global",
        "var": "knows_andr_secret",
        "init": 0,
        "id": 1
    },
    {
        "type": "label",
        "action": "label",
        "label": "start",
        "id": 2
    },
    {
        "type": "show_sprite",
        "action": "show",
        "sprite": "cupa",
        "location": "characters/cupa/default/normal.png",
        "dyn_location": "characters/cupa/<cupa_outfit>/normal.png",
        "position": "CENTER",
        "wRatio": 16,
        "hRatio": 9,
        "wFrameRatio": 4,
        "hFrameRatio": 8,
        "column": 7,
        "row": 1,
        "id": 3
    },
    {
        "type": "dialogue",
        "action": "say",
        "label": "Cupa",
        "content": "Hey, Player. Can I trust you with something about Andr?",
        "id": 4
    },
    {
        "type": "choice",
        "action": "choice",
        "choice": [
            {
                "label": "yes",
                "display": "Of course you can."
            },
            {
                "label": "no",
                "display": "I'm not sure."
            }
        ],
        "id": 5
    },
    {
        "type": "label",
        "action": "label",
        "label": "no",
        "id": 6
    },
    {
        "type": "dialogue",
        "action": "say",
        "label": "Cupa",
        "content": "Oh... okay. Nevermind then.",
        "id": 7
    },
    {
        "type": "finish_dialogue",
        "action": "finish_dialogue",
        "id": 8
    },
    {
        "type": "label",
        "action": "label",
        "label": "yes",
        "id": 9
    },
    {
        "type": "dialogue",
        "action": "say",
        "label": "Cupa",
        "content": "She acts all tough, but she's secretly terrified of bunnies. Don't tell her I told you!",
        "id": 10
    },
    {
        "type": "modify_global",
        "action": "modify_var",
        "var": "knows_andr_secret",
        "value": 1,
        "id": 11
    },
    {
        "type": "finish_dialogue",
        "action": "finish_dialogue",
        "id": 12
    }
]