[
    {
        "type": "meta",
        "action": "start",
        "id": 0
    },
    {
        "type": "meta",
        "action": "create_global",
        "var": "world_intro_seen",
        "init": 0,
        "id": 1
    },
    {
        "type": "label",
        "action": "label",
        "label": "start",
        "id": 2
    },
    {
        "type": "conditional_global",
        "action": "conditional",
        "condition": "equal",
        "var": "world_intro_seen",
        "value": 1,
        "actions": [
            {
                "type": "finish_dialogue",
                "action": "finish_dialogue",
                "id": 4
            }
        ],
        "id": 3,
        "end": 5
    },
    {
        "type": "finish_dialogue",
        "action": "finish_dialogue",
        "id": 4
    },
    {
        "type": "dialogue",
        "action": "say",
        "label": "",
        "content": "Welcome to a world where mobs have gained consciousness...",
        "id": 5
    },
    {
        "type": "dialogue",
        "action": "say",
        "label": "",
        "content": "They can now speak, feel, and interact with you.",
        "id": 6
    },
    {
        "type": "dialogue",
        "action": "say",
        "label": "",
        "content": "Your choices will determine your relationships with them.",
        "id": 7
    },
    {
        "type": "dialogue",
        "action": "say",
        "label": "",
        "content": "Good luck, adventurer.",
        "id": 8
    },
    {
        "type": "modify_global",
        "action": "modify_var",
        "var": "world_intro_seen",
        "value": 1,
        "id": 9
    },
    {
        "type": "finish_dialogue",
        "action": "finish_dialogue",
        "id": 10
    }
]